"code";"label";"value";"value_order"
"1023550";Adeane;ADEANE;1
"1042369";Aere Lao;AERELAO;2
"1082305";Affe Djolof;AFFEDJOLOF;3
"1111327";Agnam Civol;AGNAMCIVOL;4
"1112342";Aoure;AOURE;5
"1031055";Baba Garage;BABAGARAGE;6
"1081277";Badegne Ouolof;BADEGNEOUOLOF;7
"1103260";Badion;BADION;8
"1101236";Bagadadji;BAGADADJI;9
"1143428";Baghere;BAGHERE;10
"1051430";Bakel;BAKEL;11
"1053453";Bala;BALA;12
"1021532";Balingore;BALINGORE;13
"1051439";Ballou;BALLOU;14
"1141399";Bambali;BAMBALI;15
"1054468";Bamba Ndiayene - Bamba Thialene;BAMBANDIAYENEBAMBATHIALENE;16
"1031054";Bambey;BAMBEY;17
"1013048";Bambilor;BAMBILOR;18
"1131209";Bandafassi;BANDAFASSI;19
"1053460";Bani Israel;BANIISRAEL;20
"1013043";Bargny;BARGNY;21
"1082290";Barkedji;BARKEDJI;22
"1092121";Bassoul;BASSOUL;23
"1051437";Bele;BELE;24
"1133223";Bembou;BEMBOU;25
"1141396";Bemet Bidjini;BEMETBIDJINI;26
"1103262";Bignarabe;BIGNARABE;27
"1021525";Bignona;BIGNONA;28
"1122144";Birkelane;BIRKELANE;29
"1011007";Biscuiterie;BISCUITERIE;30
"1042364";Bode lao;BODELAO;31
"1142405";Boghal;BOGHAL;32
"1042375";Boke Dialloube;BOKEDIALLOUBE;33
"1041356";Bokhol;BOKHOL;34
"1111330";Bokidiawe;BOKIDIAWE;35
"1112340";Bokiladji;BOKILADJI;36
"1142408";Bona;BONA;37
"1102246";Bonconto;BONCONTO;38
"1082301";Boulal;BOULAL;39
"1121136";Boulel Goumack;BOULELGOUMACK;40
"1142401";Bounkiling;BOUNKILING;41
"1103263";Bourouco Birane Cisse;BOUROUCOBIRANECISSE;42
"1053461";Boutoucoufara;BOUTOUCOUFARA;43
"1023551";Boutoupa Camara Counda;BOUTOUPACAMARACOUNDA;44
"1053457";Boynguel Bamba;BOYNGUELBAMBA;45
Cissis;C;C;46
"1011019";Camberene;CAMBERENE;47
"1072494";Cayar;CAYAR;48
"1073520";Cherif Lo;CHERIFLO;49
CiteEspoir;Cite Espoir;CITEESPOIR;50
"1083308";Coki;COKI;51
"1093129";Colobane;COLOBANE;52
"1021537";Coubalan;COUBALAN;53
"1101237";Coumbacara;COUMBACARA;54
"1062190";Dabaly;DABALY;55
"1111329";Dabia Obedji;DABIAOBEDJI;56
"1101228";Dabo;DABO;57
"1041349";Dagana;DAGANA;58
"1082288";Dahra;DAHRA;59
"1132216";Dakately;DAKATELY;60
"1012039";Dalifort;DALIFORT;61
"1033087";Dalla Ngabou;DALLANGABOU;62
"1032067";Dankh Sene;DANKHSENE;63
"1063206";Dara Mboss;DARAMBOSS;64
"1073512";Darou Khoudoss;DAROUKHOUDOSS;65
"1081270";Darou Marnane;DAROUMARNANE;66
"1124161";Darou Minam II;DAROUMINAMII;67
"1081271";Darou Mousty;DAROUMOUSTY;68
"1033085";Darou Nahim;DAROUNAHIM;69
"1062191";Darou Salam;DAROUSALAM;70
"1033080";Darou Salam Typ;DAROUSALAMTYP;71
"1132218";Dar salam;DARSALAM;72
"1082302";Deali;DEALI;73
"1112336";Dembancane;DEMBANCANE;74
"1042365";Demette;DEMETTE;75
"1033079";Dendeye Gouye Gui;DENDEYEGOUYEGUI;76
"1142409";Diacounda;DIACOUNDA;77
"1092118";Diagane Barka;DIAGANEBARKA;78
"1091906";Diakhao;DIAKHAO;79
"1052448";Dialacoto;DIALACOTO;80
"1101239";Dialambere;DIALAMBERE;81
"1041357";Diama;DIAMA;82
"1121142";Diamagadio;DIAMAGADIO;83
Diamaguene;Diamaguène;DIAMAGUENE;84
"1012035";Diamaguene Sicap Mbao;DIAMAGUENESICAPMBAO;85
"1012034";Diamaguene Sicap Mbao;DIAMAGUENESICAPMBAO;86
"1122145";Diamal;DIAMAL;87
"1142413";Diambaty;DIAMBATY;88
"1013051";Diamniadio;DIAMNIADIO;89
"1141389";Dianah Malary;DIANAHMALARY;90
"1053462";Dianke Makha;DIANKEMAKHA;91
"1124165";Dianke Souf;DIANKESOUF;92
"1141392";Diannah Ba;DIANNAHBA;93
"1102244";Diaobe Kabendou;DIAOBEKABENDOU;94
"1091907";Diaoule;DIAOULE;95
"1142412";Diaroume;DIAROUME;96
"1091108";Diarrere;DIARRERE;97
"1071490";Diass;DIASS;98
"1143416";Diattacounda;DIATTACOUNDA;99
"1051431";Diawara;DIAWARA;100
"1015029";Diaxay Parcelle Niakoul Rap;DIAXAYPARCELLENIAKOULRAP;101
"1021533";Diegoune;DIEGOUNE;102
"1141390";Diende;DIENDE;103
"1072504";Diender Guedji;DIENDERGUEDJI;104
"1011008";Dieuppeul Derkle;DIEUPPEULDERKLE;105
"1131213";Dimboli;DIMBOLI;106
"1131211";Dindefello;DINDEFELLO;107
"1031056";Dinguiraye;DINGUIRAYE;108
"1103265";Dinguiraye;DINGUIRAYE;109
"1091905";Dioffior;DIOFFIOR;110
"1081278";Diokoul Diawrigne;DIOKOULDIAWRIGNE;111
"1121139";Diokoul Mbelbouck;DIOKOULMBELBOUCK;112
"1092122";Dionewar;DIONEWAR;113
"1092117";Diossong;DIOSSONG;114
"1143429";Diouboudou;DIOUBOUDOU;115
"1101231";Dioulacolon;DIOULACOLON;116
"1021527";Diouloulou;DIOULOULOU;117
"1032066";Diourbel;DIOURBEL;118
"1091109";Diouroup;DIOUROUP;119
"1022545";Djembering;DJEMBERING;120
"1141398";Djibabouya;DJIBABOUYA;121
"1143419";Djibanar;DJIBANAR;122
"1021528";Djibidione;DJIBIDIONE;123
"1012040";Djidah Thiaroye Kao;DJIDAHTHIAROYEKAO;124
"1091104";Djilasse;DJILASSE;125
"1092116";Djilor;DJILOR;126
"1021541";Djinaky;DJINAKY;127
"1142407";Djinani;DJINANI;128
"1141400";Djiredji;DJIREDJI;129
"1092123";Djirnda;DJIRNDA;130
"1042379";Dodel;DODEL;131
"1082294";Dodji;DODJI;132
"1053456";Dougue;DOUGUE;133
"1042373";Doumga Lao;DOUMGALAO;134
"1061178";Dya;DYA;135
"1023553";Enampore;ENAMPORE;136
"1132219";Ethiolo;ETHIOLO;137
"1103259";Fafacourou;FAFACOUROU;138
"1042377";Fanaye;FANAYE;139
"1072505";Fandene;FANDENE;140
"1011004";Fann Point E Amitie;FANNPOINTEAMITIE;141
"1142414";Faoune;FAOUNE;142
"1063197";Fass;FASS;143
"1043385";Fass Ngom;FASSNGOM;144
"1123153";Fass Thiekene;FASSTHIEKENE;145
"1091904";Fatick;FATICK;146
"1091101";Fimela;FIMELA;147
"1071484";Fissel;FISSEL;148
"1131214";Fongolembi;FONGOLEMBI;149
"1092111";Foundiougne;FOUNDIOUGNE;150
"1051440";Gabou;GABOU;151
"1032068";Gade Escale;GADEESCALE;152
"1041353";Gae;GAE;153
"1063203";Gagnick;GAGNICK;154
"1062186";Gainthe Kaye;GAINTHEKAYE;155
"1123157";Gainthe Pathe;GAINTHEPATHE;156
"1042366";Galoya Toucouleur;GALOYATOUCOULEUR;157
"1042380";Gamadji Sare;GAMADJISARE;158
"1083312";Gande;GANDE;159
"1061169";Gandiaye;GANDIAYE;160
"1043384";Gandon;GANDON;161
"1082291";Gassane;GASSANE;162
"1051433";Gathiary;GATHIARY;163
"1031058";Gawane;GAWANE;164
"1121137";Gniby;GNIBY;165
"1014020";Golf Sud;GOLFSUD;166
"1042362";Gollere;GOLLERE;167
"1011001";Goree;GOREE;168
"1093128";Gossas;GOSSAS;169
"1053451";Goudiry;GOUDIRY;170
"1143415";Goudomp;GOUDOMP;171
"1053454";Goumbayel;GOUMBAYEL;172
"1011006";Grand Dakar;GRANDDAKAR;173
"1011016";Grand Yoff;GRANDYOFF;174
"1042367";Guede Chantier;GUEDECHANTIER;175
"1042381";Guede Village;GUEDEVILLAGE;176
"1081269";Gueoul;GUEOUL;177
Guereo;Guéréo;GUEREO;178
"1083311";Guet Ardo;GUETARDO;179
"1011003";Gueule Tapee Fass Colobane;GUEULETAPEEFASSCOLOBANE;180
"1012041";Guinaw Rail Nord;GUINAWRAILNORD;181
guinawrails;Guinaw Rails;GUINAWRAILS;182
"1013042";Guinaw Rail Sud;GUINAWRAILSUD;183
"1063196";Guinguineo;GUINGUINEO;184
"1101234";Guiro Yero Bocar;GUIROYEROBOCAR;185
"1101235";Guiro Yero Bocar;GUIROYEROBOCAR;186
"1112337";Hamady Ounare;HAMADYOUNARE;187
"1011009";Hann Bel Air;HANNBELAIR;188
"1011011";Hlm;HLM;189
"1113348";Houdalaye;HOUDALAYE;190
"1123154";Ida Mouride;IDAMOURIDE;191
"1142410";Inor;INOR;192
"1071476";Joal Fadiouth;JOALFADIOUTH;193
"1081279";Kab Gaye;KABGAYE;194
"1033081";Kael;KAEL;195
"1121134";Kaffrine;KAFFRINE;196
"1021542";Kafountine;KAFOUNTINE;197
"1054469";Kahene;KAHENE;198
"1121138";Kahi;KAHI;199
"1061168";Kahone;KAHONE;200
"1082297";Kamb;KAMB;201
"1102253";Kandia;KANDIA;202
"1102256";Kandiaye;KANDIAYE;203
"1142411";Kandion Mangana;KANDIONMANGANA;204
"1112333";Kanel;KANEL;205
"1081282";Kanene Ndiob;KANENENDIOB;206
"1061167";Kaolack;KAOLACK;207
"1143420";Kaour;KAOUR;208
"1092114";Karang Poste;KARANGPOSTE;209
"1143424";Karantaba;KARANTABA;210
"1021534";Kartiack;KARTIACK;211
"1021543";Kataba;IKATABAI;212
"1121140";Kathiote;KATHIOTE;213
"1062183";Kayemor;KAYEMOR;214
"1081268";Kebemer;KEBEMER;215
"1131208";Kedougou;KEDOUGOU;216
Kegnabour;Kégnabour;KEGNABOUR;217
"1083316";Kelle Gueye;KELLEGUEYE;218
"1103266";Kerewane;KEREWANE;219
"1061177";Keur Baka;KEURBAKA;220
"1062192";Keur Maba Diakhou;KEURMABADIAKHOU;221
"1062182";Keur Madiabel;KEURMADIABEL;222
"1062195";Keur Mandongo;KEURMANDONGO;223
"1015028";Keur Massar Nord;KEURMASSARNORD;224
"1015030";Keur Massar Sud;KEURMASSARSUD;225
"1122146";Keur Mboucki;KEURMBOUCKI;226
"1083313";Keur Momar Sarr;KEURMOMARSARR;227
"1072506";Keur Mousseu - Keur Moussa;KEURMOUSSEUKEURMOUSSA;228
"1032070";Keur Ngalgou;KEURNGALGOU;229
"1092124";Keur Saloum Diane;KEURSALOUMDIANE;230
"1092125";Keur Samba Gueye;KEURSAMBAGUEYE;231
"1031057";Keur Samba Kane;KEURSAMBAKANE;232
"1061172";Keur soce;KEURSOCE;233
KeurYerim;Keur Yerim;KEURYERIM;234
"1132217";Kevoye;KEVOYE;235
"1124163";Khelcom;KHELCOM;236
"1063202";Khelcom Birane;KHELCOMBIRANE;237
"1072492";Khombole;KHOMBOLE;238
Khonkhoma;Khonkhoma;KHONKHOMA;239
"1133224";Khossanto;KHOSSANTO;240
"1051432";Kidira;KIDIRA;241
Kiniabour1;Kiniabour 1;KINIABOUR1;242
"1053455";Koar;KOAR;243
"1101227";Kolda;KOLDA;244
"1143425";Kolibantang;KOLIBANTANG;245
"1053463";Komoti;KOMOTI;246
"1053452";Kothiary;KOTHIARY;247
"1073513";Koul;KOUL;248
"1103264";Koulinto;KOULINTO;249
"1053464";Koulor;KOULOR;250
"1054466";Koumpentoum;KOUMPENTOUM;251
"1123151";Koungheul;KOUNGHEUL;252
"1102245";Kounkane;KOUNKANE;253
"1053458";Koussan;KOUSSAN;254
"1052443";Koussanar;KOUSSANAR;255
"1141393";Koussy;KOUSSY;256
"1054473";Kouthiaba Wolof;KOUTHIABAWOLOF;257
"1054472";Kouthia Gaydi;KOUTHIAGAYDI;258
"1082295";Labgar;LABGAR;259
"1031059";Lambaye;LAMBAYE;260
"1061175";Latmingue;LATMINGUE;261
"1083320";Leona;LEONA;262
"1082287";Linguere;LINGUERE;263
"1102247";Linkering;LINKERING;264
"1081283";Loro;LORO;265
"1083306";Louga;LOUGA;266
"1113346";Louguere Thioly;LOUGUERETHIOLY;267
"1091102";Loul Sessene;LOULSESSENE;268
"1123155";Lour Escale;LOURESCALE;269
"1122147";Mabo;MABO;270
"1033082";Madina;MADINA;271
"1051434";Madina Foulbe;MADINAFOULBE;272
"1142402";Madina Wandifa;MADINAWANDIFA;273
"1052445";Makacoulibantang;MAKACOULIBANTANG;274
"1123158";Maka Yop;MAKAYOP;275
"1124160";Malem Hoddar;MALEMHODDAR;276
"1054467";Malem Niani;MALEMNIANI;277
"1071489";Malicounda;MALICOUNDA;278
"1015027";Malika;MALIKA;279
"1101238";Mampatim;MAMPATIM;280
"1021535";Mangagoulack;MANGAGOULACK;281
"1143421";Mangaroungou Santo;MANGAROUNGOUSANTO;282
"1141388";Marsassoum;MARSASSOUM;283
"1111323";Matam;MATAM;284
"1033078";Mbacke;MBACKE;285
"1081276";Mbacke Kadior;MBACKEKADIOR;286
"1063199";Mbadakhoune;MBADAKHOUNE;287
"1081272";Mbadiane;MBADIANE;288
"1092119";Mbam;MBAM;289
"1041355";Mbane;MBANE;290
"1012032";Mbao;MBAO;291
"1093130";Mbar;MBAR;292
"1073516";Mbayene;MBAYENE;293
"1083317";Mbediene;MBEDIENE;294
"1091908";Mbelacadiao;MBELACADIAO;295
"1082289";Mbeuleukhe;MBEULEUKHE;296
"1121143";Mbeuleup;MBEULEUP;297
"1042376";Mbolo Birane;MBOLOBIRANE;298
"1073509";Mboro;MBORO;299
"1063198";Mboss;MBOSS;300
"1082298";Mboula;MBOULA;301
"1042368";Mboumba;MBOUMBA;302
"1071477";Mbour;MBOUR;303
"1073507";Meckhe;MECKHE;304
"1011005";Medina;MEDINA;305
"1133222";Medina Baffe;MEDINABAFFE;306
"1101240";Medina Cherif;MEDINACHERIF;307
"1101232";Medina El Hadji;MEDINAELHADJI;308
"1014023";Medina Gounass;MEDINAGOUNASS;309
"1102248";Medina Gounass;MEDINAGOUNASS;310
"1042372";Medina Ndiathbe;MEDINANDIATHBE;311
"1062184";Medina Sabakh;MEDINASABAKH;312
"1121141";Medinatoul Salam II;MEDINATOULSALAMII;313
"1103257";Medina Yoro Foulah;MEDINAYOROFOULAH;314
"1073510";Meouane;MEOUANE;315
"1054470";Mereto;MERETO;316
"1073514";Merina Dakhar;MERINADAKHAR;317
"1011012";Mermoz Sacre-Cœur;MERMOZSACRECŒUR;318
"1042374";Mery;MERY;319
"1052449";Missirah;MISSIRAH;320
"1033088";Missirah;MISSIRAH;321
"1133225";Missirah Sirimana;MISSIRAHSIRIMANA;322
"1123159";Missirah Wadene;MISSIRAHWADENE;323
"1022547";Mlomp;MLOMP;324
"1021536";Mlomp;MLOMP;325
"1073521";Mont Rolland;MONTROLLAND;326
"1051441";Moudery;MOUDERY;327
"1043383";Mpal;MPAL;328
"1111331";Nabadji Civol;NABADJICIVOL;329
"1054471";Ndame;NDAME;330
"1081280";Ndande;NDANDE;331
"1031062";Ndangalma;NDANGALMA;332
"1112343";Ndendory;NDENDORY;333
"1061173";Ndiaffate;NDIAFFATE;334
"1071485";Ndiaganiao;NDIAGANIAO;335
"1083307";Ndiagne;NDIAGNE;336
"1063200";Ndiago;NDIAGO;337
"1142403";Ndiamacouta;NDIAMACOUTA;338
"1142404";Ndiamalathiel;NDIAMALATHIEL;339
"1014022";Ndiareme Limamoulaye;NDIAREMELIMAMOULAYE;340
Ndiarmeo;Ndiarméo;NDIARMEO;341
"1042378";Ndiayene Pendao;NDIAYENEPENDAO;342
"1061179";Ndiebel;NDIEBEL;343
"1043386";Ndiebene Gandiole;NDIEBENEGANDIOLE;344
"1061174";Ndiedieng;NDIEDIENG;345
"1093131";Ndiene Lagane;NDIENELAGANE;346
"1072500";Ndieyene Sirakh;NDIEYENESIRAKH;347
"1032069";Ndindy;NDINDY;348
"1091909";Ndiob;NDIOB;349
"1124164";Ndiobene Samba Lama;NDIOBENESAMBALAMA;350
"1122148";Ndiognick;NDIOGNICK;351
NdiorokhNdoutane;Ndiorokh Ndoutane;NDIOROKHNDOUTANE;352
"1042361";Ndioum;NDIOUM;353
"1033083";Ndioumane T. Thiekene;NDIOUMANETTHIEKENE;354
"1124162";Ndioum Ngainth;NDIOUMNGAINTH;355
"1061170";Ndoffane;NDOFFANE;356
"1052446";Ndoga Babacar;NDOGABABACAR;357
"1041354";Ndombo Sandjiry;NDOMBOSANDJIRY;358
"1031063";Ndondol;NDONDOL;359
"1103261";Ndorna;NDORNA;360
"1032073";Ndoulo;NDOULO;361
"1081273";Ndoyene;NDOYENE;362
"1062193";Ndrame Escale;NDRAMEESCALE;363
"1102255";Nemataba;NEMATABA;364
"1052450";Netteboulou;NETTEBOULOU;365
"1121135";Nganda;NGANDA;366
"1073517";Ngandiouf;NGANDIOUF;367
"1071480";Ngaparou;NGAPAROU;368
"1063201";Ngathie Naoude;NGATHIENAOUDE;369
"1033089";Ngaye;NGAYE;370
"1062185";Ngayene;NGAYENE;371
"1091105";Ngayokheme;NGAYOKHEME;372
"1041358";Ngnith;NGNITH;373
"1031060";Ngogom;NGOGOM;374
"1032074";Ngohe;NGOHE;375
"1011014";Ngor;NGOR;376
"1072501";Ngoudiane;NGOUDIANE;377
"1081286";Ngourane Ouolof;NGOURANEOUOLOF;378
"1031064";Ngoye;NGOYE;379
"1071478";Nguekokh;NGUEKOKH;380
"1063204";Nguelou;NGUELOU;381
"1071486";Ngueniene;NGUENIENE;382
Nguerigne;Nguerigne;NGUERIGNE;383
NguerigneBabel;Nguerigne Babel;NGUERIGNEBABEL;384
"1083314";Nguer Malal;NGUERMALAL;385
"1083321";Ngueune Sarr;NGUEUNESARR;386
"1083318";Nguidile;NGUIDILE;387
"1111326";Nguidjilogne;NGUIDJILOGNE;388
"1143426";Niagha;NIAGHA;389
"1023552";Niaguis;NIAGUIS;390
"1091106";Niakhar;NIAKHAR;391
"1073518";Niakhene;NIAKHENE;392
"1103267";Niaming;NIAMING;393
"1021538";Niamone;NIAMONE;394
"1042363";Niandane;NIANDANE;395
"1052447";Niani Toucouleur;NIANITOUCOULEUR;396
"1092120";Niassene;NIASSENE;397
"1131212";Ninefecha;NINEFECHA;398
"1083319";Niomre;NIOMRE;399
"1092126";Nioro Alassane Tall;NIOROALASSANETALL;400
"1062181";Nioro Du Rip;NIORODURIP;401
"1072498";Notto;NOTTO;402
"1073522";Notto Gouye Diama;NOTTOGOUYEDIAMA;403
"1023554";Nyassia;NYASSIA;404
"1112339";Odobere;ODOBERE;405
"1111332";Ogo;OGO;406
"1111328";Orefonde;OREFONDE;407
"1112341";Orkadiere;ORKADIERE;408
"1093132";Ouadiour;OUADIOUR;409
"1011013";Ouakam;OUAKAM;410
"1082296";Ouarkhokh;OUARKHOKH;411
"1102250";Ouassadou;OUASSADOU;412
"1132220";Oubadji;OUBADJI;413
"1141394";Oudoucar;OUDOUCAR;414
"1022548";Oukout;OUKOUT;415
"1021529";Oulampane;OULAMPANE;416
"1021539";Ouonck;OUONCK;417
"1112344";Ouro Sidy;OUROSIDY;418
"1111324";Ourossogui;OUROSSOGUI;419
"1063205";Ourour;OUROUR;420
"1022544";Oussouye;OUSSOUYE;421
Oussouye;Oussouye;OUSSOUYE;422
"1102252";Pakour;PAKOUR;423
"1091103";Palmarin Facao;PALMARINFACAO;424
"1073524";Pambal;PAMBAL;425
"1063207";Panal Ouolof;PANALOUOLOF;426
"1062187";Paoskoto;PAOSKOTO;427
"1011018";Parcelles Assainies;PARCELLESASSAINIES;428
"1102251";Paroumba;PAROUMBA;429
"1054474";Pass Koto;PASSKOTO;430
"1092113";Passy;PASSY;431
"1103258";Pata;PATA;432
"1091107";Patar;PATAR;433
"1032075";Patar;PATAR;434
"1093133";Patar Lia;PATARLIA;435
"1011017";Patte d'Oie;PATTEDOIE;436
"1054475";Payar;PAYAR;437
"1073515";Pekesse;PEKESSE;438
"1042370";Pete;PETE;439
"1083309";Pete Ouarac;KPETEOUARACK;440
"1012037";Pikine Est;PIKINEEST;441
"1012038";Pikine Nord (Sud);PIKINENORDSUD;442
"1012036";Pikine Ouest;PIKINEOUEST;443
"1073523";Pire Goureye;PIREGOUREYE;444
"1011002";Plateau;PLATEAU;445
"1042360";Podor;PODOR;446
"1071481";Popenguine-ndayane;POPENGUINENDAYANE;447
"1062188";Porokhane;POROKHANE;448
"1072493";Pout;POUT;449
"1113345";Ranerou;RANEROU;450
"1031061";Refane;REFANE;451
"1123156";Ribot Escale;RIBOTESCALE;452
"1041350";Richard-Toll;RICHARDTOLL;453
"1041359";Ronkh;RONKH;454
"1041352";Ross Bethio;ROSSBETHIO;455
"1041351";Rosso Sénégal;ROSSOSENEGAL;456
Rufisque;Rufisque;RUFISQUE;457
"1013045";Rufisque Est;RUFISQUEEST;458
"1013046";Rufisque Nord-Centre;RUFISQUENORDCENTRE;459
"1013047";Rufisque Ouest;RUFISQUEOUEST;460
"1133226";Sabodala;SABODALA;461
"1051435";Sadatou;SADATOU;462
"1033092";Sadio;SADIO;463
"1082303";Sagatta Djolof;SAGATTADJOLOF;464
"1081284";Sagatta Gueth;SAGATTAGUETH;465
"1124166";Sagna;SAGNA;466
"1043382";Saint Louis;SAINTLOUIS;467
"1083322";Sakal;SAKAL;468
"1141391";Sakar;SAKAR;469
"1132215";Salemata;SALEMATA;470
"1101229";Salikegne;SALIKEGNE;471
"1123152";Saly Escale;SALYESCALE;472
"1141395";Sama Kanta Peulh;SAMAKANTAPEULH;473
"1143417";Samine Escale;SAMINEESCALE;474
"1014021";Sam Notaire;SAMNOTAIRE;475
"1081274";Sam Yabal;SAMYABAL;476
"1071487";Sandiara;SANDIARA;477
"1013049";Sangalkam;SANGALKAM;478
"1141397";Sansamba;SANSAMBA;479
"1022546";Santhiaba Manjacque;SANTHIABAMANJACQUE;480
"1133221";Saraya;SARAYA;481
"1101241";Sare Bidji;SAREBIDJI;482
"1102254";Sare Coly Salle;SARECOLYSALLE;483
"1101230";Sare Yoba Diega;SAREYOBADIEGA;484
"1013052";Sebikotane;SEBIKOTANE;485
"1141387";Sedhiou;SEDHIOU;486
"1122149";Segre Gatta;SEGREGATTA;487
"1112334";Semme;SEMME;488
"1013044";Sendou;SENDOU;489
"1071488";Sessene;SESSENE;490
"1061171";Sibassor;SIBASSOR;491
"1011010";Sicap Liberte;SICAPLIBERTE;492
"1143422";Simbadi Balante;SIMBADIBALANTE;493
"1143427";Simbandi Brassou;SIMBANDIBRASSOU;494
"1071491";Sindia;SINDIA;495
"1021530";Sindian;SINDIAN;496
"1102249";Sinthiang Koundara;SINTHIANGKOUNDARA;497
"1112338";Sinthiou Bamambe Banadji;SINTHIOUBAMAMBEBANADJI;498
"1053465";Sinthiou Bocar Ali;SINTHIOUBOCARALI;499
"1051438";Sinthiou Fissa;SINTHIOUFISSA;500
"1052444";Sinthiou Maleme;SINTHIOUMALEME;501
"1053459";Sinthiou Mamadou Boubou;SINTHIOUMAMADOUBOUBOU;502
"1092112";Sokone;SOKONE;503
"1071483";Somone;SOMONE;504
"1092115";Soum;SOUM;505
"1021531";Suelle;SUELLE;506
"1083315";Syer;SYER;507
"1032071";Taiba Moutoupha;TAIBAMOUTOUPHA;508
"1073511";Taiba Ndiaye;TAIBANDIAYE;509
"1062189";Taïba Niassene;TAIBANIASSENE;510
"1033086";Taiba Thiekene;TAIBATHIEKENE;511
"1033093";Taïf;TAIF;512
"1052442";Tambacounda;TAMBACOUNDA;513
"1143418";Tanaff;TANAFF;514
Tanguiss;Tanguiss;TANGUISS;515
"1101233";Tankanto Escale;TANKANTOESCALE;516
"1142406";Tankon;TANKON;517
"1072499";Tassette;TASSETTE;518
"1091110";Tattaguine;TATTAGUINE;519
TeneToubab;Téne Toubab;TENETOUBAB;520
"1021540";Tenghory;TENGHORY;521
"1082299";Tessekre Forage;TESSEKREFORAGE;522
Thiafoura;Thiafoura;THIAFOURA;523
"1031065";Thiakhar;THIAKHAR;524
"1083310";Thiamene Cayor;THIAMENECAYOR;525
"1082304";Thiamene Djolof - Thiamene Pass;THIAMENEDJOLOFTHIAMENEPASS;526
"1061176";Thiare;THIARE;527
"1091100";Thiare Ndialgui;THIARENDIALGUI;528
"1082292";Thiargny;THIARGNY;529
"1012031";Thiaroye gare;THIAROYEGARE;530
"1012033";Thiaroye sur mer;THIAROYESURMER;531
"1082293";Thiel;THIEL;532
"1072502";Thienaba;THIENABA;533
"1081281";Thieppe;THIEPPE;534
"1072496";Thies Est;THIESEST;535
"1072495";Thies Nord;THIESNORD;536
"1072497";Thies Ouest;THIESOUEST;537
"1101242";Thietty;THIETTY;538
"1073519";Thilmakha;THILMAKHA;539
"1111325";Thilogne;THILOGNE;540
"1081285";Thiolom Fall;THIOLOMFALL;541
Thiombolodji;Thiombolodji;THIOMBOLODJI;542
"1061180";Thiomby;THIOMBY;543
"1021526";Thionk Essyl;THIONKESSYL;544
"1073508";Tivaouane;TIVAOUANE;545
"1013050";Tivaouane Peulh Niagha;TIVAOUANEPEULHNIAGHA;546
"1032076";Tocky Gare;TOCKYGARE;547
"1131210";Tomboronkoto;TOMBORONKOTO;548
"1092127";Toubacouta;TOUBACOUTA;549
"1033090";Touba Fall;TOUBAFALL;550
"1032072";Touba Lappe;TOUBALAPPE;551
"1122150";Touba Mbella;TOUBAMBELLA;552
"1033084";Touba Mboul;TOUBAMBOUL;553
"1081275";Touba Merina;TOUBAMERINA;554
"1033091";Touba Mosquee;TOUBAMOSQUEE;555
"1072503";Touba Toul;TOUBATOUL;556
"1051436";Toumboura;TOUMBOURA;557
"1032077";Toure Mbonde;TOUREMBONDE;558
"1113347";Velingara;VELINGARA;559
"1102243";Velingara;VELINGARA;560
Thies;Ville de Thies;VILLEDETHIES;561
"1062194";Wack Ngouna;WACKNGOUNA;562
"1014024";Wakhinane Nimzatt;WAKHINANENIMZATT;563
"1042371";Walalde;WALALDE;564
"1112335";Waounde;WAOUNDE;565
"1082300";Yang Yang;YANGYANG;566
"1143423";Yarang Balante;YARANGBALANTE;567
"1013053";Yene;YENE;568
"1015025";Yeumbeul Nord;YEUMBEULNORD;569
"1015026";Yeumbeul Sud;YEUMBEULSUD;570
"1011015";Yoff;YOFF;571
"1023549";Ziguinchor;ZIGUINCHOR;572
